Reviews,Date,Place,Rating,Product
nice cpu replaces old k pc amazing difference pleasant surprise performancewise run cool degree stress test gaming stable ghz havent tried push little doubt sufficient headroom oc turned outstanding cpu recommend cpu anyone interested lowcost lowheat stable performance," December 20, 2023",United States,5.0,Intel i5 12600K Desktop Processor Unlocked
ble operation first class product," May 19, 2024",United States,5.0,Intel i5 12600K Desktop Processor Unlocked
k cpu outstanding upgrade previous setup delivering remarkable boost performance ive particularly impressed cool operation maintaining stable degree even rigorous stress test extended gaming session cpu comfortably reach ghz without stability issue seems there still plenty room overclocking needed youre looking cpu offer solid performance low heat great value k fantastic choice highly recommended gaming general productivity," May 13, 2024",United States,5.0,Intel i5 12600K Desktop Processor Unlocked
upgraded sooooo much faster def get nicer ddr board upgrade th gen drop k nice rx xt," April 14, 2024",United States,5.0,Intel i5 12600K Desktop Processor Unlocked
went right lga chip socket mus fuss booted right new motherboard took like designed needed k integrated graphic thats got im using zalman cooler httpswwwamazoncomdpbcctbxvpscrefppxyoovdtbproductdetails havent issue yet," March 22, 2024",United States,5.0,Intel i5 12600K Desktop Processor Unlocked
purchased cyber monday excellent cyberpunk ray tracing mix ultrahigh setting ive reached fps usually hovering gigabyte eagle ive hit fps league legend vsync ive noticeable drop fps sale excellent processor incredible upgrade previous f still capable processor temp stable peerless assassin cooler dont believe ive reached exceeded degree celsius havent overclocked yet even current performance excellent ive read processor overclocks fair amount," December 17, 2023",United States,5.0,Intel i5 12600K Desktop Processor Unlocked
despite older generation play game put front great deal worth," April 27, 2024",United States,5.0,Intel i5 12600K Desktop Processor Unlocked
decided finally upgrade year old asus x platform ti sli yes old asus tuf zktuf oc gamers edition old k creating huge bottleneck issue gpu installed month prior difference must say im finally stone age im awe much thing changed pc gaming world current build smoke everything throw far admittedly game benchmark paired processor gpu water block aio corsair system cpu separate granzon custom loop gpu say wow fast boot time plus fps game like division medium setting p highly recommend processorz motherboardgpu combo better option better performance absolutely money believe average gamer would hard pressed find significant issue platform skeptical first first processor ever purchased pc stated previously quite satisfied decision take leap faith highly recommend processor cant beat performance price point stick," November 12, 2023",United States,5.0,Intel i5 12600K Desktop Processor Unlocked
per espaol si tienes dudas de comprar travs de amazon puedo asegurarte que e confiable los procesos de compra son fciles totalmente seguros el sistema de reastreo que brindan e muy completo sobretodo la entregas son puntuales yo compr un procesador intel core ik sin embargo por error de amazon recib un intel core ikf obviamente e un producto muchsimo mejor m costoso lleg totalmente sellado bien empaquetado mucho ante de lo esperado per english bought intel core ik processor amazon mistake ended receiving intel core ikf huge mistake oh well im enjoying far couldnt returned going take much time cost even totally recomended videogames streaming course kind desingning photo job," May 9, 2024",United States,5.0,Intel i5 12600K Desktop Processor Unlocked
ive played maybe week two thing serious good ofc purse coming guy used play rd gen night day difference thing support tonnn tab run anything stupid fast would super recommend," May 23, 2024",United States,5.0,Intel i5 12600K Desktop Processor Unlocked
vi muchas review ante de decidirme por este procesador si lo vez un precio atractivo para ti dude el tiempo de entrega fue el indicado sin problemas el rendimiento se supone esta un poco por encima del x pero ya hare mi propias pruebas cuando llegue el disipador para terminar de armar mi pc," May 10, 2024",United States,5.0,Intel i5 12600K Desktop Processor Unlocked
got month back sale price yet see repeated anywhere cant believe step k overclocked one overclocked yet," April 29, 2024",United States,5.0,Intel i5 12600K Desktop Processor Unlocked
bought second computer say budget king moment overclock well though compared k tested cpu say get job done p saw bottlenecking graphic card," April 15, 2024",United States,5.0,Intel i5 12600K Desktop Processor Unlocked
little beast par new ryzen x handle game fps pair hand best cpu still rocking," April 15, 2024",United States,5.0,Intel i5 12600K Desktop Processor Unlocked
never issue intel processor year im going keep buying," April 24, 2024",United States,5.0,Intel i5 12600K Desktop Processor Unlocked
ya llevo mucho tiempo con el producto hasta el momento ni una falla," April 13, 2024",United States,5.0,Intel i5 12600K Desktop Processor Unlocked
article useful," April 18, 2024",United States,5.0,Intel i5 12600K Desktop Processor Unlocked
el procesador intel core ik ha superado toda mi expectativas ha llevado mi experiencia informtica un nuevo nivel como un entusiasta de la tecnologa siempre estoy ansioso por probar la ltimas mejores piezas de hardware este chip ha decepcionado en absoluto el rendimiento de esta cpu e simplemente impresionante con sus ncleos hilo e capaz de manejar la tareas m exigentes con facilidad ya sea jugando juegos de ltima generacin editando video en k realizando tareas de productividad intensivas el ik demuestra un rendimiento suave rpido en cada situacin la tecnologa intel thread director e un gran avance ya que mejora la administracin de hilo la eficiencia energtica lo que se traduce en un mejor rendimiento en aplicaciones multihilo una menor temperatura de funcionamiento adems el soporte para ddr ram agrega un impulso adicional la velocidad la capacidad de respuesta del sistema el overclocking e una delicia con este procesador con un multiplicador desbloqueado una gestin trmica eficiente pude aumentar fcilmente la velocidad de reloj obtener un rendimiento mejor esto e un sueo hecho realidad para los entusiastas que buscan exprimir cada gota de rendimiento de su sistema en resumen el intel core ik e una bestia de rendimiento que ofrece una experiencia de usuario excepcional si buscas un procesador de ltima generacin para juegos creacin de contenido cualquier tarea exigente esta cpu e una eleccin sobresaliente estoy encantado con su rendimiento puedo esperar para ver lo que puedo lograr con l en el futuro altamente recomendado," October 3, 2023",United States,5.0,Intel i5 12600K Desktop Processor Unlocked
excelente opcion para juegos hice un update desde un f la diferencia e extremum puedo jugar los titulos ma modernos en configuraciones de graficos maximos sin embargo se utiliza ma del del procesador lo uso en conjunto con un disipador vetroo v la temperaturas maximas que tengo son de grados en juegos demandantes justo como dice la descripcion incluye disipador de stock sin embargo e necesario adquirir un disipador mejor que el de stock de intel sobre todo si planeas realizar overclock en resumen e de la mejores opciones para juegos uso general," February 16, 2024",United States,5.0,Intel i5 12600K Desktop Processor Unlocked
processor rebuild desktop build loyal powerful mixed deepcool ak non overclocked finally figure formula achieve k ultra gaming game play regular basis play numerous strategy game also play grand theft auto escape american truck simulator late roblox processing performance excellent hope one day overclock one processor without worry frequency voltage basically said th generation processor thats recent past two three year midrange spectrum intel really seems automate actively try lower utilization number processed process go hundred tab hour worry internal latency good," December 21, 2023",United States,5.0,Intel i5 12600K Desktop Processor Unlocked
good price," April 12, 2024",United States,5.0,Intel i5 12600K Desktop Processor Unlocked
good good price better option forn le money," March 30, 2024",United States,5.0,Intel i5 12600K Desktop Processor Unlocked
work good temp dont get high," April 3, 2024",United States,5.0,Intel i5 12600K Desktop Processor Unlocked
gran procesador equipo operando bien excelente," April 1, 2024",United States,5.0,Intel i5 12600K Desktop Processor Unlocked
assembled pc working great expected," March 30, 2024",United States,5.0,Intel i5 12600K Desktop Processor Unlocked
arrived time work great," April 1, 2024",United States,5.0,Intel i5 12600K Desktop Processor Unlocked
este procesador e magnifico una calidad mueve todo el multitarea sus grficos integrados son magnficos mueve fornite en grficos medios todo en alto fps e incomodo jugar con el algunos juegos te aguanta bastante llevo varias pruebas de estrs se llevo da haciendo clculos de seguido veces con el procesador al ha fallado excelente producto solo recordar que viene sin el disipador de stock que le recomiendo ponerle un disipador de torreun noctua aerocool thermaltake deepcool e ma que suficiente nunca ha subido de los grados una belleza completa," January 26, 2024",United States,5.0,Intel i5 12600K Desktop Processor Unlocked
like," March 28, 2024",United States,5.0,Intel i5 12600K Desktop Processor Unlocked
bought miniitx build daughter sale felt like nice value q didnt overclock one could run degree celsius load cinebench r justbarelyfitsinthecase thermalright peerless assassin se arbg side note anybody building pc peerless assassin cpu air cooling champion k processor power hungry amd competitor recently purchased amd xd computer thats requiring bit work optimize get running properly k perfect intel stuff experience tends run good," December 24, 2023",United States,5.0,Intel i5 12600K Desktop Processor Unlocked
system posted temp staying low overclocked everything stable far gaming home use shouldnt problem," February 29, 2024",United States,5.0,Intel i5 12600K Desktop Processor Unlocked
