Reviews,Date,Rating
complaint cpu use playing game run good want careful gpu pair cpu dont bottleneck great,"Jan 6, 2024 3:38 PM",5.0
son built gaming computer using cpu xt asrock motherboard ddr ram great cpu snappy play game great got sale le plus upgrade ability ever decides go th gen cpu need yet,"Apr 11, 2023 7:52 PM",5.0
research cpu founf one enough heavy multitasking gaming would highly recommend first time builder,"Jan 1, 2024 9:35 AM",5.0
great cpu exceptional value paid z mother board ddr ram upgrade amd r x huge improvement temperature hve came also,"Apr 18, 2022 7:55 AM",5.0
great budget processor handle anything thrown loved easily,"Apr 24, 2024 3:08 PM",5.0
tried true one generation next cant think single complaint stay cool get done,"Aug 16, 2023 4:50 AM",5.0
powerful cpu intel k unlocked core pp core excellent gaming productivity video editing paired right motherboard,"May 16, 2023 2:54 PM",5.0
havent set completely yet know great processor,"Jul 28, 2023 6:52 PM",5.0
loved good service excellent processor able build midrange one sold friend still,"Nov 26, 2023 3:28 AM",5.0
love cpu powerful paired rtx ti top knotch,"Jan 15, 2024 5:58 PM",5.0
great product put new gaming pc massive help store employee,"Nov 25, 2023 8:10 AM",5.0
responsive paired ti gb o beast along qith samsung pro nvme amd samsung evos,"Sep 25, 2023 2:49 PM",5.0
year ben working amazing recommend everyone,"Dec 2, 2023 4:00 PM",5.0
nervous getting dont know whybut ive k almost year powerhouse love anyway tried budget conscious build decided k instead k boy shocked sucker like lightning compared k support shiny new doodad motherboard nvme screaming ti actually getting warm reach potential im seriously impressed havent overclocked yet coming paired noctua dhs really didnt want stock needed cooling tower k stay upper teen low idle hasnt exceeded c load great processor would hesitate recommend buy,"Jun 11, 2022 11:40 PM",5.0
great product honest knew would excellent start,"Jul 14, 2023 7:32 PM",5.0
performance get feel like might one best price performance cpu could get without go used market,"Apr 26, 2023 2:27 PM",4.0
super fast using ryzen year anymore also pin worry bending break great diy builder,"Feb 10, 2023 2:15 PM",5.0
glad got heard one best cpu known gaming,"Dec 30, 2022 4:49 PM",5.0
reliable cpu intel k use work gaming built graphic mining ghz speed intel tuner,"Apr 15, 2022 4:43 PM",5.0
upgraded chip ram gpu upgrade running swell,"Mar 19, 2023 9:18 PM",5.0
amazing pickup sale coming th gen cpu thing like spaceship handle game easily battlefield call duty csgo etc would definitely recommend building pc cant see thing topped anytime soon price power consumption tad high pair good gpu youll never know difference,"Feb 2, 2024 3:47 PM",4.0
awesome price awesome performance hard beat budget gaming setup paired ti thing amazing job staying cool helping push anything throw,"Jul 13, 2023 3:09 PM",5.0
recently purchased k z tomahawk motherboard upgrade filemedia serverplex box overall ive really happy upgrade increase raw performance speed crazy compatibility topnotch ddr ddr pcie etc complaint much powerhungry chip previous setup would idle stay idle using watt setup idle w never stay thereits constantly bouncing based fulldays power usage figure consuming ish watt task note yet really dig advanced power setting hoping window intel would provide best case scenario time learning pc behavior hasnt happened yet also realize usage mightve better served nonk processor however ended purchasing guy le would paid increased performance le cost opted k still mad made choice,"Feb 25, 2022 4:28 PM",5.0
good cpu thing bought wife build almost year ago game keep k little different game really good cpu price everything need without bogging,"Jan 10, 2024 3:41 PM",5.0
got great price literally next day purchase raise lold hardbut great lil processor nontheless uhd integrated graphic great home medium server transcoding need core great performance creating vmsgood lowmid tieri honestly dont notice different pc k,"Feb 9, 2024 4:00 PM",5.0
great every say run mill game went th gen gen almost newest step,"Dec 8, 2023 3:42 PM",5.0
performance great price generation old chip make affordable happy purchase,"Nov 17, 2023 9:50 PM",5.0
excellent budget option perfect gaming productivity pair gpu wont bottleneck im software developer cpu hold pretty well find lot option mb pair,"Jun 12, 2023 10:43 AM",5.0
work great new msi board way faster processor last,"Jan 3, 2024 11:35 PM",5.0
work great mixture light heavy gaming cpu along component get job done,"Oct 17, 2023 10:02 AM",5.0
outstanding performance midfield processor handle everything built system plenty life low heat range plenty room upgrading hopefully ill get another year chip like last intel ik,"Jan 14, 2024 5:42 PM",5.0
far processor great im building gaming pc im getting gpu tomorrow mean time running processor fastest computer ive ever still learning computer part run game super graphically intensive rocket league get fps low setting fps phasmophobia low setting fps minecraft etc without gpu,"Apr 5, 2024 5:20 PM",5.0
love th gen perfect gaming stay pretty cool,"Oct 31, 2023 11:37 AM",5.0
solid cpu stable super hot powerful cpu cant really complain honestly k thats delidded got backup cpu im changing liquid metal k lol kind flex hate able use pc glue drying im changing liquid metal,"May 3, 2024 4:11 PM",5.0
great deal intel core ik desktop processor pe core ghz unlocked lga comparing cpu gaming great choice,"Feb 16, 2024 3:29 PM",5.0
debating k k price difference cpu minimal benchmark performance gaming went bad boy disappointed solid cpu get degree celsius evo good purchasing another,"Apr 29, 2024 2:26 PM",5.0
bought awhile ago still work great upgraded k much faster,"Jul 7, 2023 9:02 PM",5.0
im running thing h flow case msi za pro wifi ddr cl trident z noctua nhua cooler cb r basic turbo ratio overclock incredible ua full speed get low overclocked benchmark still stock pulling w instead w pull core drop temp around c le gaming exceptional single core great multi core thing performant last gen core processor intelamd look sweet spot youre mainly gaming even higher end card,"Apr 8, 2022 3:12 PM",5.0
work great used new pc build good value im using,"Jun 10, 2023 1:13 AM",5.0
although may genius come computer part know cpu capable far issue running rdr minecraft server window solitaire time unfortunately cooling system consist window unit paper fan powered handle overclocking well,"Jul 14, 2023 8:02 PM",5.0
great performance box bump cpu would yield noticeable result,"Feb 1, 2024 12:53 PM",5.0
cpu one best gaming plenty core handle gaming mutitask went k amd x price cheaper cpu also faster single threaded workload performance core plus efficiency core plenty gaming moderare workload year come also run fairly cool thermalright peerless assassin cpu cooler,"Sep 10, 2022 5:28 PM",5.0
great processor gaming warzone fortnite,"Mar 15, 2024 3:20 PM",5.0
use cpu build custom build worth price,"Feb 29, 2024 3:12 PM",5.0
much say im zero issue cpu im playing fallout mordhau c recording music via reaper watching movieslistening music cpu handling everything without issue,"Apr 21, 2024 4:01 PM",5.0
k ks overclock hwbotorg k beast great bin able stabilize cinebench r p core e core memory cmr r score pretty much comparable x thats thread cpu v thread cpu k fast sub gaming destroys x gaming get k game k ghz core,"Jun 17, 2022 10:30 PM",5.0
working great still bought old system finally died needed full replacement bought right gen came working perfectly fine still withthe game want play,"Aug 20, 2023 3:25 AM",5.0
great value cpu im happy build,"Feb 16, 2024 4:00 PM",5.0
great cpu modern strong decent video card capable play gay aaa modern game,"May 14, 2024 1:56 PM",5.0
price want intel build cant go wrong last gen,"Dec 22, 2023 5:21 PM",5.0
bad value definitely worth id say buy,"May 25, 2024 8:56 AM",5.0
great cpu fast great bang buck perfect gaming,"Dec 30, 2023 5:37 PM",5.0
cpu good really good price run well great brand,"Dec 2, 2023 8:48 PM",5.0
picked bad boy ryzen g x one simple reason local store stock well motherboard pair upgraded b series board paired coolermaster mm air cooler msi z board gpu comparing two system rx xt let board genie oc thing bumped clock ghz across pcores ghz ecores managed get ghz across pcores ghz across ecores however resulted unacceptable load temperature dropped overclock ghz ghz mv undervolt run cool quiet fast havent done much way cpu specific benchmarking say notable improvement gaming flatscreen vr particularly poorly optimized game like ark ecores quite fast right used gaming test arent dissimilar core turn hyper threading regularly assign ark server run background also offer amazing power saving typical load running server browser multiple tab open steam running background cpu average w tdp havent encountered issue window task scheduler window performance seems great im fairly certain bottleneck cpu onboard gpu bonus failsafe case gpu ever dy want something decent igpu get ryzen g wait next generation rdna core previous generation reason get k series chip overclocking ability time around ecores actually offer surprising appeal need extra thread may actually result net power saving dont run cpu load often dont see lot background stuff highly threaded task would probably perfectly happy putting extra money gpu nvme storage something get pretty similar gaming performance lot le money due high price z series board,"Feb 1, 2022 5:24 AM",5.0
bought cpu gaming pc handled every game played ease capable cpu,"Oct 20, 2023 4:47 PM",5.0
work intended havent issue preforms really well load,"Nov 24, 2023 12:49 PM",5.0
great gaming cpu market buy great gaming cpou awesome single thread boost long u great cooleri ghz mm aio great older game like arma hammer single core ofcourse great new game since core p core e core cpu run cool mine run low gaming itx formd mm slim fan mm fan pair cpu ddr mobo ur good since ddr mobo expensive useless,"Jan 10, 2022 4:52 PM",5.0
work extremely good never experienced issue first pc build,"Apr 26, 2024 7:24 PM",5.0
excellent chip recommended anyone building gaming rig,"Nov 24, 2023 12:19 PM",5.0
always intel rock gor sale great price power needed price winwin,"Apr 5, 2024 3:53 PM",5.0
